{
  "CatBoost": {
    "loss": {
      "precision": 0.5151118921804431,
      "recall": 0.8881362592814743,
      "f1-score": 0.6520436867220153,
      "support": 96698.0
    },
    "draw": {
      "precision": 0.0,
      "recall": 0.0,
      "f1-score": 0.0,
      "support": 29118.0
    },
    "win": {
      "precision": 0.6672718030644107,
      "recall": 0.3829108978966778,
      "f1-score": 0.4865927519443985,
      "support": 95991.0
    },
    "accuracy": 0.5528995928893137,
    "macro avg": {
      "precision": 0.39412789841495127,
      "recall": 0.4236823857260507,
      "f1-score": 0.3795454795554713,
      "support": 221807.0
    },
    "weighted avg": {
      "precision": 0.5133398738453715,
      "recall": 0.5528995928893137,
      "f1-score": 0.49484391958116825,
      "support": 221807.0
    }
  },
  "XGBoost": {
    "loss": {
      "precision": 0.6493489798541862,
      "recall": 0.3656642329727606,
      "f1-score": 0.4678632625652493,
      "support": 96698.0
    },
    "draw": {
      "precision": 0.0,
      "recall": 0.0,
      "f1-score": 0.0,
      "support": 29118.0
    },
    "win": {
      "precision": 0.4943712131171051,
      "recall": 0.8619037201404298,
      "f1-score": 0.6283392507926864,
      "support": 95991.0
    },
    "accuracy": 0.5324178227017181,
    "macro avg": {
      "precision": 0.3812400643237637,
      "recall": 0.4091893177043968,
      "f1-score": 0.36540083778597854,
      "support": 221807.0
    },
    "weighted avg": {
      "precision": 0.49703541715213734,
      "recall": 0.5324178227017181,
      "f1-score": 0.47589280223967345,
      "support": 221807.0
    }
  },
  "LightGBM": {
    "loss": {
      "precision": 0.4991634260131682,
      "recall": 0.9039793997807607,
      "f1-score": 0.6431753716654955,
      "support": 96698.0
    },
    "draw": {
      "precision": 0.0,
      "recall": 0.0,
      "f1-score": 0.0,
      "support": 29118.0
    },
    "win": {
      "precision": 0.6898560657984921,
      "recall": 0.3355314560740069,
      "f1-score": 0.4514749893116717,
      "support": 95991.0
    },
    "accuracy": 0.5393021861347929,
    "macro avg": {
      "precision": 0.3963398306038868,
      "recall": 0.41317028528492256,
      "f1-score": 0.3648834536590557,
      "support": 221807.0
    },
    "weighted avg": {
      "precision": 0.5161608000680068,
      "recall": 0.5393021861347929,
      "f1-score": 0.47577987975278846,
      "support": 221807.0
    }
  }
}