{
  "XGBoost": {
    "loss": {
      "precision": 0.7719842312746387,
      "recall": 0.7594262549380546,
      "f1-score": 0.7656537537208781,
      "support": 96698.0
    },
    "draw": {
      "precision": 0.5443342248705014,
      "recall": 0.5521670444398654,
      "f1-score": 0.5482226579149263,
      "support": 29118.0
    },
    "win": {
      "precision": 0.7792832413212314,
      "recall": 0.7877899277309016,
      "f1-score": 0.7835134957146754,
      "support": 105716.0
    },
    "accuracy": 0.74631152497279,
    "macro avg": {
      "precision": 0.6985338991554572,
      "recall": 0.6997944090362739,
      "f1-score": 0.6991299691168266,
      "support": 231532.0
    },
    "weighted avg": {
      "precision": 0.7466871201176924,
      "recall": 0.74631152497279,
      "f1-score": 0.7464637576811884,
      "support": 231532.0
    }
  }
}